TaxonId,kingdom,subkingdom,phylum,subphylum,superclass,class,subclass,cohort,superorder,order,suborder,infraorder,superfamily,family,subfamily,tribe,subtribe,genus,subgenus,section,species,subspecies,variety,form,ScientificNameAuthorship
1,ANIMALIA,,,,,,,,,,,,,,,,,,,,,,,,
2,ANIMALIA,,ACANTHOCEPHALA,,,,,,,,,,,,,,,,,,,,,,
14,ANIMALIA,,ANNELIDA,,,,,,,,,,,,,,,,,,,,,,
39,ANIMALIA,,ARTHROPODA,,,,,,,,,,,,,,,,,,,,,,
176,ANIMALIA,,BRACHIOPODA,,,,,,,,,,,,,,,,,,,,,,
183,ANIMALIA,,CEPHALORHYNCHA,,,,,,,,,,,,,,,,,,,,,,
193,ANIMALIA,,CHAETOGNATHA,,,,,,,,,,,,,,,,,,,,,,
196,ANIMALIA,,CHORDATA,,,,,,,,,,,,,,,,,,,,,,
338,ANIMALIA,,CNIDARIA,,,,,,,,,,,,,,,,,,,,,,
371,ANIMALIA,,CTENOPHORA,,,,,,,,,,,,,,,,,,,,,,
381,ANIMALIA,,CYCLIOPHORA,,,,,,,,,,,,,,,,,,,,,,
384,ANIMALIA,,ECHINODERMATA,,,,,,,,,,,,,,,,,,,,,,
421,ANIMALIA,,ECHIURA,,,,,,,,,,,,,,,,,,,,,,
424,ANIMALIA,,ECTOPROCTA,,,,,,,,,,,,,,,,,,,,,,
431,ANIMALIA,,ENTOPROCTA,,,,,,,,,,,,,,,,,,,,,,
436,ANIMALIA,,GASTROTRICHA,,,,,,,,,,,,,,,,,,,,,,
440,ANIMALIA,,GNATHOSTOMULIDA,,,,,,,,,,,,,,,,,,,,,,
444,ANIMALIA,,HEMICHORDATA,,,,,,,,,,,,,,,,,,,,,,
449,ANIMALIA,,MESOZOA,,,,,,,,,,,,,,,,,,,,,,
455,ANIMALIA,,MOLLUSCA,,,,,,,,,,,,,,,,,,,,,,
511,ANIMALIA,,MYXOZOA,,,,,,,,,,,,,,,,,,,,,,"Grassé, 1970"
517,ANIMALIA,,NEMATODA,,,,,,,,,,,,,,,,,,,,,,
541,ANIMALIA,,NEMERTEA,,,,,,,,,,,,,,,,,,,,,,
549,ANIMALIA,,ONYCHOPHORA,,,,,,,,,,,,,,,,,,,,,,
552,ANIMALIA,,PHORONIDA,,,,,,,,,,,,,,,,,,,,,,
555,ANIMALIA,,PLACOZOA,,,,,,,,,,,,,,,,,,,,,,
558,ANIMALIA,,PLATYHELMINTHES,,,,,,,,,,,,,,,,,,,,,,
587,ANIMALIA,,PORIFERA,,,,,,,,,,,,,,,,,,,,,,
620,ANIMALIA,,ROTIFERA,,,,,,,,,,,,,,,,,,,,,,
628,ANIMALIA,,SIPUNCULA,,,,,,,,,,,,,,,,,,,,,,
631,ANIMALIA,,TARDIGRADA,,,,,,,,,,,,,,,,,,,,,,"Spallanzani, 1777"
1447,ANIMALIA,,CHOANOZOA,,,,,,,,,,,,,,,,,,,,,,
126323,ANIMALIA,,BRYOZOA,,,,,,,,,,,,,,,,,,,,,,
128966,ANIMALIA,,CHOANOFLAGELLATA,,,,,,,,,,,,,,,,,,,,,,
136021,ANIMALIA,,POGONOPHORA,,,,,,,,,,,,,,,,,,,,,,
136022,ANIMALIA,,POGONOPHORA,,,FRENULATA,,,,,,,,,,,,,,,,,,,"Webb, 1969"
136023,ANIMALIA,,POGONOPHORA,,,MONILIFERA,,,,,,,,,,,,,,,,,,,"Ivanov, 1991"
136024,ANIMALIA,,POGONOPHORA,,,VESTIMENTIFERA,,,,,,,,,,,,,,,,,,,"Webb, 1969"
1448,ANIMALIA,,CHOANOZOA,,,MESOMYCETOZOEA,,,,,,,,,,,,,,,,,,,
1452,ANIMALIA,,CHOANOZOA,,,NOT_ASSIGNED_6336,,,,,,,,,,,,,,,,,,,
147216,ANIMALIA,,CHOANOZOA,,,CHOANOFLAGELLATEA,,,,,,,,,,,,,,,,,,,
147219,ANIMALIA,,CHOANOZOA,,,CHOANOFLAGELLATEA,,,,CRASPEDIDA,,,,,,,,,,,,,,,
118262,ANIMALIA,,CHOANOZOA,,,CHOANOFLAGELLATEA,,,,CRASPEDIDA,,,,CODONOSIGACEAE,,,,,,,,,,,
118267,ANIMALIA,,CHOANOZOA,,,CHOANOFLAGELLATEA,,,,CRASPEDIDA,,,,SALPINGOECACEAE,,,,,,,,,,,
147236,ANIMALIA,,CHOANOZOA,,,CHOANOFLAGELLATEA,,,,CRASPEDIDA,,,,ACANTHOECACEAE,,,,,,,,,,,
147447,ANIMALIA,,CHOANOZOA,,,CHOANOFLAGELLATEA,,,,CRASPEDIDA,,,,ACANTHOECACEAE,,,,ACANTHOCORBIS,,,,,,,S.Hara & E.Takah.
147448,ANIMALIA,,CHOANOZOA,,,CHOANOFLAGELLATEA,,,,CRASPEDIDA,,,,ACANTHOECACEAE,,,,ACANTHOECA,,,,,,,W.N.Ellis
147449,ANIMALIA,,CHOANOZOA,,,CHOANOFLAGELLATEA,,,,CRASPEDIDA,,,,ACANTHOECACEAE,,,,AMOENOSCAPA,,,,,,,
147450,ANIMALIA,,CHOANOZOA,,,CHOANOFLAGELLATEA,,,,CRASPEDIDA,,,,ACANTHOECACEAE,,,,COSMOECA,,,,,,,
147451,ANIMALIA,,CHOANOZOA,,,CHOANOFLAGELLATEA,,,,CRASPEDIDA,,,,ACANTHOECACEAE,,,,CRINOLINA,,,,,,,H.A.Thomsen
147452,ANIMALIA,,CHOANOZOA,,,CHOANOFLAGELLATEA,,,,CRASPEDIDA,,,,ACANTHOECACEAE,,,,CRUCISPINA,,,,,,,
147453,ANIMALIA,,CHOANOZOA,,,CHOANOFLAGELLATEA,,,,CRASPEDIDA,,,,ACANTHOECACEAE,,,,DIAPHANOECA,,,,,,,W.N.Ellis
147454,ANIMALIA,,CHOANOZOA,,,CHOANOFLAGELLATEA,,,,CRASPEDIDA,,,,ACANTHOECACEAE,,,,DIPLOTHECA,,,,,,,
147455,ANIMALIA,,CHOANOZOA,,,CHOANOFLAGELLATEA,,,,CRASPEDIDA,,,,ACANTHOECACEAE,,,,MONOCOSTA,,,,,,,
147456,ANIMALIA,,CHOANOZOA,,,CHOANOFLAGELLATEA,,,,CRASPEDIDA,,,,ACANTHOECACEAE,,,,NANNOECA,,,,,,,
147457,ANIMALIA,,CHOANOZOA,,,CHOANOFLAGELLATEA,,,,CRASPEDIDA,,,,ACANTHOECACEAE,,,,PARVICORBICULA,,,,,,,Deflandre
147458,ANIMALIA,,CHOANOZOA,,,CHOANOFLAGELLATEA,,,,CRASPEDIDA,,,,ACANTHOECACEAE,,,,PLATYPLEURA,,,,,,,
147459,ANIMALIA,,CHOANOZOA,,,CHOANOFLAGELLATEA,,,,CRASPEDIDA,,,,ACANTHOECACEAE,,,,PLEURASIGA,,,,,,,J.Schiller
147460,ANIMALIA,,CHOANOZOA,,,CHOANOFLAGELLATEA,,,,CRASPEDIDA,,,,ACANTHOECACEAE,,,,POLYFIBULA,,,,,,,
147461,ANIMALIA,,CHOANOZOA,,,CHOANOFLAGELLATEA,,,,CRASPEDIDA,,,,ACANTHOECACEAE,,,,POLYOECA,,,,,,,
147462,ANIMALIA,,CHOANOZOA,,,CHOANOFLAGELLATEA,,,,CRASPEDIDA,,,,ACANTHOECACEAE,,,,SAEPICULA,,,,,,,
147463,ANIMALIA,,CHOANOZOA,,,CHOANOFLAGELLATEA,,,,CRASPEDIDA,,,,ACANTHOECACEAE,,,,SAROECA,,,,,,,
147464,ANIMALIA,,CHOANOZOA,,,CHOANOFLAGELLATEA,,,,CRASPEDIDA,,,,ACANTHOECACEAE,,,,SAVILLEA,,,,,,,
147465,ANIMALIA,,CHOANOZOA,,,CHOANOFLAGELLATEA,,,,CRASPEDIDA,,,,ACANTHOECACEAE,,,,STEPHANOECA,,,,,,,W.N.Ellis
147934,ANIMALIA,,CHOANOZOA,,,CHOANOFLAGELLATEA,,,,CRASPEDIDA,,,,ACANTHOECACEAE,,,,STEPHANOECA,,,COMPLEXA,,,,"(Norris) Throndsen, 1974"
147935,ANIMALIA,,CHOANOZOA,,,CHOANOFLAGELLATEA,,,,CRASPEDIDA,,,,ACANTHOECACEAE,,,,STEPHANOECA,,,DIPLOCOSTATA,,,,"Ellis, 1930"
147936,ANIMALIA,,CHOANOZOA,,,CHOANOFLAGELLATEA,,,,CRASPEDIDA,,,,ACANTHOECACEAE,,,,STEPHANOECA,,,ELEGANS,,,,"(Norris) Throndsen, 1974"
147937,ANIMALIA,,CHOANOZOA,,,CHOANOFLAGELLATEA,,,,CRASPEDIDA,,,,ACANTHOECACEAE,,,,STEPHANOECA,,,KENTII,,,,"Ellis, 1930"
149958,ANIMALIA,,CHOANOZOA,,,CHOANOFLAGELLATEA,,,,CRASPEDIDA,,,,ACANTHOECACEAE,,,,STEPHANOECA,,,APHELES,,,,"Thomsen, Buck & Chavez, 1991"
149959,ANIMALIA,,CHOANOZOA,,,CHOANOFLAGELLATEA,,,,CRASPEDIDA,,,,ACANTHOECACEAE,,,,STEPHANOECA,,,CUPULA,,,,"(Leadbeater) Thomsen, 1988"
149960,ANIMALIA,,CHOANOZOA,,,CHOANOFLAGELLATEA,,,,CRASPEDIDA,,,,ACANTHOECACEAE,,,,STEPHANOECA,,,NORRISII,,,,"Thomsen, 1973"
149961,ANIMALIA,,CHOANOZOA,,,CHOANOFLAGELLATEA,,,,CRASPEDIDA,,,,ACANTHOECACEAE,,,,STEPHANOECA,,,URNULA,,,,"Thomsen, 1973"
149956,ANIMALIA,,CHOANOZOA,,,CHOANOFLAGELLATEA,,,,CRASPEDIDA,,,,ACANTHOECACEAE,,,,SAVILLEA,,,MICROPORA,,,,"(Norris) Leadbeater, 1975"
149957,ANIMALIA,,CHOANOZOA,,,CHOANOFLAGELLATEA,,,,CRASPEDIDA,,,,ACANTHOECACEAE,,,,SAVILLEA,,,PARVA,,,,"(Ellis) Loeblich III, 1967"
149955,ANIMALIA,,CHOANOZOA,,,CHOANOFLAGELLATEA,,,,CRASPEDIDA,,,,ACANTHOECACEAE,,,,SAROECA,,,ATTENUATA,,,,"Thomsen, 1979"
149954,ANIMALIA,,CHOANOZOA,,,CHOANOFLAGELLATEA,,,,CRASPEDIDA,,,,ACANTHOECACEAE,,,,SAEPICULA,,,PULCHRA,,,,"Leadbeater, 1980"
149953,ANIMALIA,,CHOANOZOA,,,CHOANOFLAGELLATEA,,,,CRASPEDIDA,,,,ACANTHOECACEAE,,,,POLYOECA,,,DICHOTOMA,,,,"(Kent, 1881)"
147933,ANIMALIA,,CHOANOZOA,,,CHOANOFLAGELLATEA,,,,CRASPEDIDA,,,,ACANTHOECACEAE,,,,POLYFIBULA,,,SPHYRELATA,,,,"(Thomsen) Manton in Manton & Bremer, 1981"
147930,ANIMALIA,,CHOANOZOA,,,CHOANOFLAGELLATEA,,,,CRASPEDIDA,,,,ACANTHOECACEAE,,,,PLEURASIGA,,,ECHINOCOSTATA,,,,"Espeland in Espeland & Throndsen, 1986"
147931,ANIMALIA,,CHOANOZOA,,,CHOANOFLAGELLATEA,,,,CRASPEDIDA,,,,ACANTHOECACEAE,,,,PLEURASIGA,,,MINIMA,,,,"Throndsen, 1970"
147932,ANIMALIA,,CHOANOZOA,,,CHOANOFLAGELLATEA,,,,CRASPEDIDA,,,,ACANTHOECACEAE,,,,PLEURASIGA,,,REYNOLDSII,,,,"Throndsen, 1970"
147929,ANIMALIA,,CHOANOZOA,,,CHOANOFLAGELLATEA,,,,CRASPEDIDA,,,,ACANTHOECACEAE,,,,PLATYPLEURA,,,INFUNDIBULIFORMIS,,,,"(Leadbeater) Thomsen in Thomsen & Boonruang, 1983"
147927,ANIMALIA,,CHOANOZOA,,,CHOANOFLAGELLATEA,,,,CRASPEDIDA,,,,ACANTHOECACEAE,,,,PARVICORBICULA,,,QUADRICOSTATA,,,,"Throndsen, 1970"
147928,ANIMALIA,,CHOANOZOA,,,CHOANOFLAGELLATEA,,,,CRASPEDIDA,,,,ACANTHOECACEAE,,,,PARVICORBICULA,,,SOCIALIS,,,,"(Meunier) Deflandre, 1960"
149951,ANIMALIA,,CHOANOZOA,,,CHOANOFLAGELLATEA,,,,CRASPEDIDA,,,,ACANTHOECACEAE,,,,PARVICORBICULA,,,CIRCULARIS,,,,"Thomsen, 1976"
149952,ANIMALIA,,CHOANOZOA,,,CHOANOFLAGELLATEA,,,,CRASPEDIDA,,,,ACANTHOECACEAE,,,,PARVICORBICULA,,,SUPERPOSITUS,,,,"Booth, 1990"
149950,ANIMALIA,,CHOANOZOA,,,CHOANOFLAGELLATEA,,,,CRASPEDIDA,,,,ACANTHOECACEAE,,,,NANNOECA,,,MINUTA,,,,"(Leadbeater) Thomsen, 1988"
149949,ANIMALIA,,CHOANOZOA,,,CHOANOFLAGELLATEA,,,,CRASPEDIDA,,,,ACANTHOECACEAE,,,,MONOCOSTA,,,FENNICA,,,,"Thomsen, 1979"
149948,ANIMALIA,,CHOANOZOA,,,CHOANOFLAGELLATEA,,,,CRASPEDIDA,,,,ACANTHOECACEAE,,,,DIPLOTHECA,,,COSTATA,,,,"Valkanov, 1970"
147925,ANIMALIA,,CHOANOZOA,,,CHOANOFLAGELLATEA,,,,CRASPEDIDA,,,,ACANTHOECACEAE,,,,DIAPHANOECA,,,GRANDIS,,,,"Ellis, 1930"
147926,ANIMALIA,,CHOANOZOA,,,CHOANOFLAGELLATEA,,,,CRASPEDIDA,,,,ACANTHOECACEAE,,,,DIAPHANOECA,,,SPHAERICA,,,,"Thomsen, 1982"
149946,ANIMALIA,,CHOANOZOA,,,CHOANOFLAGELLATEA,,,,CRASPEDIDA,,,,ACANTHOECACEAE,,,,DIAPHANOECA,,,PEDICELLATA,,,,"Leadbeater, 1972"
149947,ANIMALIA,,CHOANOZOA,,,CHOANOFLAGELLATEA,,,,CRASPEDIDA,,,,ACANTHOECACEAE,,,,DIAPHANOECA,,,UNDULATA,,,,"Thomsen, 1982"
147924,ANIMALIA,,CHOANOZOA,,,CHOANOFLAGELLATEA,,,,CRASPEDIDA,,,,ACANTHOECACEAE,,,,CRUCISPINA,,,CRUCIFORMIS,,,,"Espeland in Espeland & Throndsen, 1986"
147923,ANIMALIA,,CHOANOZOA,,,CHOANOFLAGELLATEA,,,,CRASPEDIDA,,,,ACANTHOECACEAE,,,,CRINOLINA,,,ISEFIORDENSIS,,,,"Thomsen, 1976"
149945,ANIMALIA,,CHOANOZOA,,,CHOANOFLAGELLATEA,,,,CRASPEDIDA,,,,ACANTHOECACEAE,,,,CRINOLINA,,,APERTA,,,,(Leadbeater) Thomsen
149943,ANIMALIA,,CHOANOZOA,,,CHOANOFLAGELLATEA,,,,CRASPEDIDA,,,,ACANTHOECACEAE,,,,COSMOECA,,,NORVEGICA,,,,"Thomsen in Thomsen & Boonruang, 1984"
149944,ANIMALIA,,CHOANOZOA,,,CHOANOFLAGELLATEA,,,,CRASPEDIDA,,,,ACANTHOECACEAE,,,,COSMOECA,,,VENTRICOSA,,,,"Thomsen in Thomsen & Boonruang, 1984"
149942,ANIMALIA,,CHOANOZOA,,,CHOANOFLAGELLATEA,,,,CRASPEDIDA,,,,ACANTHOECACEAE,,,,AMOENOSCAPA,,,CAUDATA,,,,
149940,ANIMALIA,,CHOANOZOA,,,CHOANOFLAGELLATEA,,,,CRASPEDIDA,,,,ACANTHOECACEAE,,,,ACANTHOECA,,,BREVIPODA,,,,"Ellis, 1930"
149941,ANIMALIA,,CHOANOZOA,,,CHOANOFLAGELLATEA,,,,CRASPEDIDA,,,,ACANTHOECACEAE,,,,ACANTHOECA,,,SPECTABILIS,,,,"Ellis, 1930"
147920,ANIMALIA,,CHOANOZOA,,,CHOANOFLAGELLATEA,,,,CRASPEDIDA,,,,ACANTHOECACEAE,,,,ACANTHOCORBIS,,,ASYMMETRICA,,,,"(Thomsen) Hara & Takahashi, 1984"
147921,ANIMALIA,,CHOANOZOA,,,CHOANOFLAGELLATEA,,,,CRASPEDIDA,,,,ACANTHOECACEAE,,,,ACANTHOCORBIS,,,CAMPANULA,,,,"(Espeland) Thomsen in Thomsen, Buck & Chavez, 1991"
147922,ANIMALIA,,CHOANOZOA,,,CHOANOFLAGELLATEA,,,,CRASPEDIDA,,,,ACANTHOECACEAE,,,,ACANTHOCORBIS,,,UNGUICULATA,,,,"(Thomsen) Hara & Takahashi, 1984"
149938,ANIMALIA,,CHOANOZOA,,,CHOANOFLAGELLATEA,,,,CRASPEDIDA,,,,ACANTHOECACEAE,,,,ACANTHOCORBIS,,,APODA,,,,"(Leadbeater) Hara & Takahashi, 1984"
149939,ANIMALIA,,CHOANOZOA,,,CHOANOFLAGELLATEA,,,,CRASPEDIDA,,,,ACANTHOECACEAE,,,,ACANTHOCORBIS,,,HAURAKIANA,,,,"Thomsen in Thomsen, Buck & Chavez, 1991"
118268,ANIMALIA,,CHOANOZOA,,,CHOANOFLAGELLATEA,,,,CRASPEDIDA,,,,SALPINGOECACEAE,,,,STELEXOMONAS,,,,,,,
118270,ANIMALIA,,CHOANOZOA,,,CHOANOFLAGELLATEA,,,,CRASPEDIDA,,,,SALPINGOECACEAE,,,,SALPINGOECA,,,,,,,H.J. Clark
118273,ANIMALIA,,CHOANOZOA,,,CHOANOFLAGELLATEA,,,,CRASPEDIDA,,,,SALPINGOECACEAE,,,,AULOMONAS,,,,,,,Lackey
147603,ANIMALIA,,CHOANOZOA,,,CHOANOFLAGELLATEA,,,,CRASPEDIDA,,,,SALPINGOECACEAE,,,,BICOSTA,,,,,,,B.Leadb.
147604,ANIMALIA,,CHOANOZOA,,,CHOANOFLAGELLATEA,,,,CRASPEDIDA,,,,SALPINGOECACEAE,,,,CALLIACANTHA,,,,,,,B.Leadb.
147605,ANIMALIA,,CHOANOZOA,,,CHOANOFLAGELLATEA,,,,CRASPEDIDA,,,,SALPINGOECACEAE,,,,PACHYSOECA,,,,,,,
150385,ANIMALIA,,CHOANOZOA,,,CHOANOFLAGELLATEA,,,,CRASPEDIDA,,,,SALPINGOECACEAE,,,,PACHYSOECA,,,RUTTNERI,,,,(Bourr.) Fott
150386,ANIMALIA,,CHOANOZOA,,,CHOANOFLAGELLATEA,,,,CRASPEDIDA,,,,SALPINGOECACEAE,,,,PACHYSOECA,,,URNULA,,,,(Skuja) ?
147948,ANIMALIA,,CHOANOZOA,,,CHOANOFLAGELLATEA,,,,CRASPEDIDA,,,,SALPINGOECACEAE,,,,CALLIACANTHA,,,NATANS,,,,"(Grøntved) Leadbeater, 1978"
150382,ANIMALIA,,CHOANOZOA,,,CHOANOFLAGELLATEA,,,,CRASPEDIDA,,,,SALPINGOECACEAE,,,,CALLIACANTHA,,,LONGICAUDATA,,,,"(Leadbeater) Leadbeater, 1978"
150383,ANIMALIA,,CHOANOZOA,,,CHOANOFLAGELLATEA,,,,CRASPEDIDA,,,,SALPINGOECACEAE,,,,CALLIACANTHA,,,MULTISPINA,,,,Manton & Oates
150384,ANIMALIA,,CHOANOZOA,,,CHOANOFLAGELLATEA,,,,CRASPEDIDA,,,,SALPINGOECACEAE,,,,CALLIACANTHA,,,SIMPLEX,,,,"Manton & Oates, 1979"
147946,ANIMALIA,,CHOANOZOA,,,CHOANOFLAGELLATEA,,,,CRASPEDIDA,,,,SALPINGOECACEAE,,,,BICOSTA,,,MINOR,,,,"(Reynolds) Leadbeater, 1978"
147947,ANIMALIA,,CHOANOZOA,,,CHOANOFLAGELLATEA,,,,CRASPEDIDA,,,,SALPINGOECACEAE,,,,BICOSTA,,,SPINIFERA,,,,"(Throndsen) Leadbeater, 1978"
150381,ANIMALIA,,CHOANOZOA,,,CHOANOFLAGELLATEA,,,,CRASPEDIDA,,,,SALPINGOECACEAE,,,,BICOSTA,,,ANTENNIGERA,,,,"Moestrup, 1979"
118274,ANIMALIA,,CHOANOZOA,,,CHOANOFLAGELLATEA,,,,CRASPEDIDA,,,,SALPINGOECACEAE,,,,AULOMONAS,,,PURDYI,,,,Lackey
118271,ANIMALIA,,CHOANOZOA,,,CHOANOFLAGELLATEA,,,,CRASPEDIDA,,,,SALPINGOECACEAE,,,,SALPINGOECA,,,FREQUENTISSIMA,,,,(Zacharias) Lemmermann
149806,ANIMALIA,,CHOANOZOA,,,CHOANOFLAGELLATEA,,,,CRASPEDIDA,,,,SALPINGOECACEAE,,,,SALPINGOECA,,,AGGREGATA,,,,Valkanov
149807,ANIMALIA,,CHOANOZOA,,,CHOANOFLAGELLATEA,,,,CRASPEDIDA,,,,SALPINGOECACEAE,,,,SALPINGOECA,,,AMPHORIDIUM,,,,James-Clark
149808,ANIMALIA,,CHOANOZOA,,,CHOANOFLAGELLATEA,,,,CRASPEDIDA,,,,SALPINGOECACEAE,,,,SALPINGOECA,,,COLLARIS,,,,Stokes
149809,ANIMALIA,,CHOANOZOA,,,CHOANOFLAGELLATEA,,,,CRASPEDIDA,,,,SALPINGOECACEAE,,,,SALPINGOECA,,,GRACILIS,,,,Clark
149810,ANIMALIA,,CHOANOZOA,,,CHOANOFLAGELLATEA,,,,CRASPEDIDA,,,,SALPINGOECACEAE,,,,SALPINGOECA,,,INQUILLATA,,,,Kent
149811,ANIMALIA,,CHOANOZOA,,,CHOANOFLAGELLATEA,,,,CRASPEDIDA,,,,SALPINGOECACEAE,,,,SALPINGOECA,,,MARINA,,,,James-Clark
149812,ANIMALIA,,CHOANOZOA,,,CHOANOFLAGELLATEA,,,,CRASPEDIDA,,,,SALPINGOECACEAE,,,,SALPINGOECA,,,MINUTA,,,,Kent
118269,ANIMALIA,,CHOANOZOA,,,CHOANOFLAGELLATEA,,,,CRASPEDIDA,,,,SALPINGOECACEAE,,,,STELEXOMONAS,,,DICHOTOMA,,,,Lackey
118263,ANIMALIA,,CHOANOZOA,,,CHOANOFLAGELLATEA,,,,CRASPEDIDA,,,,CODONOSIGACEAE,,,,CODOSIGA,,,,,,,H.J.Clark
118265,ANIMALIA,,CHOANOZOA,,,CHOANOFLAGELLATEA,,,,CRASPEDIDA,,,,CODONOSIGACEAE,,,,DESMARELLA,,,,,,,Kent
147601,ANIMALIA,,CHOANOZOA,,,CHOANOFLAGELLATEA,,,,CRASPEDIDA,,,,CODONOSIGACEAE,,,,MONOSIGA,,,,,,,Kent
147602,ANIMALIA,,CHOANOZOA,,,CHOANOFLAGELLATEA,,,,CRASPEDIDA,,,,CODONOSIGACEAE,,,,PROTEROSPONGIA,,,,,,,
151163,ANIMALIA,,CHOANOZOA,,,CHOANOFLAGELLATEA,,,,CRASPEDIDA,,,,CODONOSIGACEAE,,,,SPHAEROECA,,,,,,,Lauterborn
151257,ANIMALIA,,CHOANOZOA,,,CHOANOFLAGELLATEA,,,,CRASPEDIDA,,,,CODONOSIGACEAE,,,,SPHAEROECA,,,VOLVOX,,,,Lauterborn
147945,ANIMALIA,,CHOANOZOA,,,CHOANOFLAGELLATEA,,,,CRASPEDIDA,,,,CODONOSIGACEAE,,,,PROTEROSPONGIA,,,DYBSOEËNSIS,,,,Grøntved
147944,ANIMALIA,,CHOANOZOA,,,CHOANOFLAGELLATEA,,,,CRASPEDIDA,,,,CODONOSIGACEAE,,,,MONOSIGA,,,MIKROPELAGICA,,,,Throndsen
150379,ANIMALIA,,CHOANOZOA,,,CHOANOFLAGELLATEA,,,,CRASPEDIDA,,,,CODONOSIGACEAE,,,,MONOSIGA,,,BALTICA,,,,Willén
150380,ANIMALIA,,CHOANOZOA,,,CHOANOFLAGELLATEA,,,,CRASPEDIDA,,,,CODONOSIGACEAE,,,,MONOSIGA,,,OVATA,,,,"Kent, 1880"
151239,ANIMALIA,,CHOANOZOA,,,CHOANOFLAGELLATEA,,,,CRASPEDIDA,,,,CODONOSIGACEAE,,,,MONOSIGA,,,MICROPELAGICA,,,,Throndsen
151240,ANIMALIA,,CHOANOZOA,,,CHOANOFLAGELLATEA,,,,CRASPEDIDA,,,,CODONOSIGACEAE,,,,MONOSIGA,,,MARINA,,,,Grøntved
118266,ANIMALIA,,CHOANOZOA,,,CHOANOFLAGELLATEA,,,,CRASPEDIDA,,,,CODONOSIGACEAE,,,,DESMARELLA,,,MONILIFORMIS,,,,Kent
118264,ANIMALIA,,CHOANOZOA,,,CHOANOFLAGELLATEA,,,,CRASPEDIDA,,,,CODONOSIGACEAE,,,,CODOSIGA,,,BOTRYTIS,,,,(Ehrenberg) Kent
1453,ANIMALIA,,CHOANOZOA,,,NOT_ASSIGNED_6336,,,,NOT_ASSIGNED_6337,,,,,,,,,,,,,,,
1449,ANIMALIA,,CHOANOZOA,,,MESOMYCETOZOEA,,,,AMOEBIDIALES,,,,,,,,,,,,,,,
1450,ANIMALIA,,CHOANOZOA,,,MESOMYCETOZOEA,,,,ECCRINALES,,,,,,,,,,,,,,,
1451,ANIMALIA,,CHOANOZOA,,,MESOMYCETOZOEA,,,,NOT_ASSIGNED_6339,,,,,,,,,,,,,,,
632,ANIMALIA,,TARDIGRADA,,,EUTARDIGRADA,,,,,,,,,,,,,,,,,,,"Richters, 1926"
635,ANIMALIA,,TARDIGRADA,,,HETEROTARDIGRADA,,,,,,,,,,,,,,,,,,,"Marcus, 1927"
638,ANIMALIA,,TARDIGRADA,,,MESOTARDIGRADA,,,,,,,,,,,,,,,,,,,
639,ANIMALIA,,TARDIGRADA,,,MESOTARDIGRADA,,,,THERMOZODIA,,,,,,,,,,,,,,,
636,ANIMALIA,,TARDIGRADA,,,HETEROTARDIGRADA,,,,ARTHROTARDIGRADA,,,,,,,,,,,,,,,"Marcus, 1927"
637,ANIMALIA,,TARDIGRADA,,,HETEROTARDIGRADA,,,,ECHINISCOIDEA,,,,,,,,,,,,,,,"Richters, 1926"
51909,ANIMALIA,,TARDIGRADA,,,HETEROTARDIGRADA,,,,ECHINISCOIDEA,,,,ECHINISCOIDIDAE,,,,,,,,,,,"Kristensen & Hallas, 1980"
137920,ANIMALIA,,TARDIGRADA,,,HETEROTARDIGRADA,,,,ECHINISCOIDEA,,,,ECHINISCIDAE,,,,,,,,,,,
142628,ANIMALIA,,TARDIGRADA,,,HETEROTARDIGRADA,,,,ECHINISCOIDEA,,,,ECHINISCIDAE,,,,BRYODELPHAX,,,,,,,"Thulin, 1928"
142631,ANIMALIA,,TARDIGRADA,,,HETEROTARDIGRADA,,,,ECHINISCOIDEA,,,,ECHINISCIDAE,,,,DIPLOECHINISCUS,,,,,,,"Vicente, Fontoura, Cesari, Rebecchi, Serrano & Bertolani, 2013"
142633,ANIMALIA,,TARDIGRADA,,,HETEROTARDIGRADA,,,,ECHINISCOIDEA,,,,ECHINISCIDAE,,,,ECHINISCUS,,,,,,,"Schultze, 1840"
142634,ANIMALIA,,TARDIGRADA,,,HETEROTARDIGRADA,,,,ECHINISCOIDEA,,,,ECHINISCIDAE,,,,EMYDIUM,,,,,,,"Doyère, 1840"
142638,ANIMALIA,,TARDIGRADA,,,HETEROTARDIGRADA,,,,ECHINISCOIDEA,,,,ECHINISCIDAE,,,,HYPECHINISCUS,,,,,,,"Thulin, 1928"
142649,ANIMALIA,,TARDIGRADA,,,HETEROTARDIGRADA,,,,ECHINISCOIDEA,,,,ECHINISCIDAE,,,,PROECHINISCUS,,,,,,,"Kristensen, 1987"
142650,ANIMALIA,,TARDIGRADA,,,HETEROTARDIGRADA,,,,ECHINISCOIDEA,,,,ECHINISCIDAE,,,,PSEUDECHINISCUS,,,,,,,"Thulin, 1911"
142655,ANIMALIA,,TARDIGRADA,,,HETEROTARDIGRADA,,,,ECHINISCOIDEA,,,,ECHINISCIDAE,,,,TESTECHINISCUS,,,,,,,"Kristensen, 1987"
142815,ANIMALIA,,TARDIGRADA,,,HETEROTARDIGRADA,,,,ECHINISCOIDEA,,,,ECHINISCIDAE,,,,TESTECHINISCUS,,,SPITSBERGENSIS,,,,"(Scourfield, 1897)"
142705,ANIMALIA,,TARDIGRADA,,,HETEROTARDIGRADA,,,,ECHINISCOIDEA,,,,ECHINISCIDAE,,,,PSEUDECHINISCUS,,,FACETTALIS,,,,"Petersen, 1951"
142714,ANIMALIA,,TARDIGRADA,,,HETEROTARDIGRADA,,,,ECHINISCOIDEA,,,,ECHINISCIDAE,,,,PSEUDECHINISCUS,,,HANNEAE,,,,"Petersen, 1951"
142813,ANIMALIA,,TARDIGRADA,,,HETEROTARDIGRADA,,,,ECHINISCOIDEA,,,,ECHINISCIDAE,,,,PSEUDECHINISCUS,,,SUILLUS,,,,"(Ehrenberg, 1853)"
142814,ANIMALIA,,TARDIGRADA,,,HETEROTARDIGRADA,,,,ECHINISCOIDEA,,,,ECHINISCIDAE,,,,PSEUDECHINISCUS,,,VICTOR,,,,"(Ehrenberg, 1853)"
142871,ANIMALIA,,TARDIGRADA,,,HETEROTARDIGRADA,,,,ECHINISCOIDEA,,,,ECHINISCIDAE,,,,PSEUDECHINISCUS,,,ISLANDICUS,,,,"(Richters, 1904)"
142812,ANIMALIA,,TARDIGRADA,,,HETEROTARDIGRADA,,,,ECHINISCOIDEA,,,,ECHINISCIDAE,,,,PROECHINISCUS,,,HANNEAE,,,,"(Peterson, 1951)"
142708,ANIMALIA,,TARDIGRADA,,,HETEROTARDIGRADA,,,,ECHINISCOIDEA,,,,ECHINISCIDAE,,,,HYPECHINISCUS,,,GLADIATOR,,,,"(Murray, 1905)"
142888,ANIMALIA,,TARDIGRADA,,,HETEROTARDIGRADA,,,,ECHINISCOIDEA,,,,ECHINISCIDAE,,,,HYPECHINISCUS,,,GLADIATOR,GLADIATOR,,,"(Murray, 1905)"
142710,ANIMALIA,,TARDIGRADA,,,HETEROTARDIGRADA,,,,ECHINISCOIDEA,,,,ECHINISCIDAE,,,,EMYDIUM,,,GRANULATUM,,,,"Doyère, 1840"
142785,ANIMALIA,,TARDIGRADA,,,HETEROTARDIGRADA,,,,ECHINISCOIDEA,,,,ECHINISCIDAE,,,,EMYDIUM,,,SPINULOSUS,,,,"Doyère, 1840"
142795,ANIMALIA,,TARDIGRADA,,,HETEROTARDIGRADA,,,,ECHINISCOIDEA,,,,ECHINISCIDAE,,,,EMYDIUM,,,TESTUDO,,,,"Doyère, 1840"
142669,ANIMALIA,,TARDIGRADA,,,HETEROTARDIGRADA,,,,ECHINISCOIDEA,,,,ECHINISCIDAE,,,,ECHINISCUS,,,ARCTOMYS,,,,"Ehrenberg, 1853"
142682,ANIMALIA,,TARDIGRADA,,,HETEROTARDIGRADA,,,,ECHINISCOIDEA,,,,ECHINISCIDAE,,,,ECHINISCUS,,,BLUMI,,,,"Richters, 1903"
142683,ANIMALIA,,TARDIGRADA,,,HETEROTARDIGRADA,,,,ECHINISCOIDEA,,,,ECHINISCIDAE,,,,ECHINISCUS,,,CAPILLATUS,,,,"Ramazzotti, 1956"
142686,ANIMALIA,,TARDIGRADA,,,HETEROTARDIGRADA,,,,ECHINISCOIDEA,,,,ECHINISCIDAE,,,,ECHINISCUS,,,COLUMINIS,,,,"Murray, 1911"
142707,ANIMALIA,,TARDIGRADA,,,HETEROTARDIGRADA,,,,ECHINISCOIDEA,,,,ECHINISCIDAE,,,,ECHINISCUS,,,GLADIATOR,,,,"Murray, 1905"
142724,ANIMALIA,,TARDIGRADA,,,HETEROTARDIGRADA,,,,ECHINISCOIDEA,,,,ECHINISCIDAE,,,,ECHINISCUS,,,ISLANDICUS,,,,"Richters, 1904"
142733,ANIMALIA,,TARDIGRADA,,,HETEROTARDIGRADA,,,,ECHINISCOIDEA,,,,ECHINISCIDAE,,,,ECHINISCUS,,,MEROKENSIS,,,,"Richters, 1903"
142735,ANIMALIA,,TARDIGRADA,,,HETEROTARDIGRADA,,,,ECHINISCOIDEA,,,,ECHINISCIDAE,,,,ECHINISCUS,,,MILITARIS,,,,"Murray, 1911"
142746,ANIMALIA,,TARDIGRADA,,,HETEROTARDIGRADA,,,,ECHINISCOIDEA,,,,ECHINISCIDAE,,,,ECHINISCUS,,,OIHONNAE,,,,"Richters, 1903"
142757,ANIMALIA,,TARDIGRADA,,,HETEROTARDIGRADA,,,,ECHINISCOIDEA,,,,ECHINISCIDAE,,,,ECHINISCUS,,,PHOCAE,,,,"Bois-Reymond Marcus, E. du, 1944."
142765,ANIMALIA,,TARDIGRADA,,,HETEROTARDIGRADA,,,,ECHINISCOIDEA,,,,ECHINISCIDAE,,,,ECHINISCUS,,,QUADRISPINOSUS,,,,"Richters, 1902"
142767,ANIMALIA,,TARDIGRADA,,,HETEROTARDIGRADA,,,,ECHINISCOIDEA,,,,ECHINISCIDAE,,,,ECHINISCUS,,,RETICULATUS,,,,"Murray, 1905"
142779,ANIMALIA,,TARDIGRADA,,,HETEROTARDIGRADA,,,,ECHINISCOIDEA,,,,ECHINISCIDAE,,,,ECHINISCUS,,,SIGISMUNDI,,,,"Schultze, 1865"
142780,ANIMALIA,,TARDIGRADA,,,HETEROTARDIGRADA,,,,ECHINISCOIDEA,,,,ECHINISCIDAE,,,,ECHINISCUS,,,SINENSIS,,,,"Pilato, 1974"
142784,ANIMALIA,,TARDIGRADA,,,HETEROTARDIGRADA,,,,ECHINISCOIDEA,,,,ECHINISCIDAE,,,,ECHINISCUS,,,SPICULIFER,,,,"Schaudinn, 1901"
142786,ANIMALIA,,TARDIGRADA,,,HETEROTARDIGRADA,,,,ECHINISCOIDEA,,,,ECHINISCIDAE,,,,ECHINISCUS,,,SPITSBERGENSIS,,,,"Scourfield, 1897"
142792,ANIMALIA,,TARDIGRADA,,,HETEROTARDIGRADA,,,,ECHINISCOIDEA,,,,ECHINISCIDAE,,,,ECHINISCUS,,,SUILLUS,,,,"Ehrenberg, 1853"
142797,ANIMALIA,,TARDIGRADA,,,HETEROTARDIGRADA,,,,ECHINISCOIDEA,,,,ECHINISCIDAE,,,,ECHINISCUS,,,TRISETOSUS,,,,"Cuénot, 1932"
142800,ANIMALIA,,TARDIGRADA,,,HETEROTARDIGRADA,,,,ECHINISCOIDEA,,,,ECHINISCIDAE,,,,ECHINISCUS,,,VICTOR,,,,"Ehrenberg, 1853"
142806,ANIMALIA,,TARDIGRADA,,,HETEROTARDIGRADA,,,,ECHINISCOIDEA,,,,ECHINISCIDAE,,,,ECHINISCUS,,,WENDTI,,,,"Richters, 1903"
142811,ANIMALIA,,TARDIGRADA,,,HETEROTARDIGRADA,,,,ECHINISCOIDEA,,,,ECHINISCIDAE,,,,ECHINISCUS,,,GRANULATUS,,,,"(Doyère, 1840)"
142869,ANIMALIA,,TARDIGRADA,,,HETEROTARDIGRADA,,,,ECHINISCOIDEA,,,,ECHINISCIDAE,,,,ECHINISCUS,,,SPINULOSUS,,,,"(Doyère, 1840)"
142870,ANIMALIA,,TARDIGRADA,,,HETEROTARDIGRADA,,,,ECHINISCOIDEA,,,,ECHINISCIDAE,,,,ECHINISCUS,,,TESTUDO,,,,"(Doyère, 1840)"
142883,ANIMALIA,,TARDIGRADA,,,HETEROTARDIGRADA,,,,ECHINISCOIDEA,,,,ECHINISCIDAE,,,,ECHINISCUS,,,QUADRISPINOSUS,QUADRISPINOSUS,,,"Richters, 1902"
142879,ANIMALIA,,TARDIGRADA,,,HETEROTARDIGRADA,,,,ECHINISCOIDEA,,,,ECHINISCIDAE,,,,ECHINISCUS,,,MEROKENSIS,MEROKENSIS,,,"Richters, 1903"
142884,ANIMALIA,,TARDIGRADA,,,HETEROTARDIGRADA,,,,ECHINISCOIDEA,,,,ECHINISCIDAE,,,,ECHINISCUS,,,MEROKENSIS,SUECICUS,,,"Thulin, 1911"
142872,ANIMALIA,,TARDIGRADA,,,HETEROTARDIGRADA,,,,ECHINISCOIDEA,,,,ECHINISCIDAE,,,,ECHINISCUS,,,BLUMI,BLUMI,,,"Richters, 1903"
142810,ANIMALIA,,TARDIGRADA,,,HETEROTARDIGRADA,,,,ECHINISCOIDEA,,,,ECHINISCIDAE,,,,DIPLOECHINISCUS,,,OIHONNAE,,,,"(Richters, 1903)"
142754,ANIMALIA,,TARDIGRADA,,,HETEROTARDIGRADA,,,,ECHINISCOIDEA,,,,ECHINISCIDAE,,,,BRYODELPHAX,,,PARVULUS,,,,"Thulin, 1928"
142755,ANIMALIA,,TARDIGRADA,,,HETEROTARDIGRADA,,,,ECHINISCOIDEA,,,,ECHINISCIDAE,,,,BRYODELPHAX,,,PARVUSPOLARIS,,,,"'Kaczmarek, Zawierucha, Smykla, & Michalczyk, 2012"
142852,ANIMALIA,,TARDIGRADA,,,HETEROTARDIGRADA,,,,ECHINISCOIDEA,,,,ECHINISCIDAE,,,,BRYODELPHAX,,,SINENSIS,,,,"(Pilato, 1974)"
51910,ANIMALIA,,TARDIGRADA,,,HETEROTARDIGRADA,,,,ECHINISCOIDEA,,,,ECHINISCOIDIDAE,,,,ECHINISCOIDES,,,,,,,"Plate, 1888"
51911,ANIMALIA,,TARDIGRADA,,,HETEROTARDIGRADA,,,,ECHINISCOIDEA,,,,ECHINISCOIDIDAE,,,,ECHINISCOIDES,,,SIGISMUNDI,,,,"(Schultze, 1865)"
142875,ANIMALIA,,TARDIGRADA,,,HETEROTARDIGRADA,,,,ECHINISCOIDEA,,,,ECHINISCOIDIDAE,,,,ECHINISCOIDES,,,SIGISMUNDI,GROENLANDICUS,,,"Kristensen & Hallas, 1980"
142887,ANIMALIA,,TARDIGRADA,,,HETEROTARDIGRADA,,,,ECHINISCOIDEA,,,,ECHINISCOIDIDAE,,,,ECHINISCOIDES,,,SIGISMUNDI,SIGISMUNDI,,,"(Schultze, 1865)"
51906,ANIMALIA,,TARDIGRADA,,,HETEROTARDIGRADA,,,,ARTHROTARDIGRADA,,,,BATILLIPEDIDAE,,,,,,,,,,,"Ramazzotti, 1962"
51907,ANIMALIA,,TARDIGRADA,,,HETEROTARDIGRADA,,,,ARTHROTARDIGRADA,,,,BATILLIPEDIDAE,,,,BATILLIPES,,,,,,,"Richters, 1909"
51908,ANIMALIA,,TARDIGRADA,,,HETEROTARDIGRADA,,,,ARTHROTARDIGRADA,,,,BATILLIPEDIDAE,,,,BATILLIPES,,,MIRUS,,,,"Richters, 1909"
633,ANIMALIA,,TARDIGRADA,,,EUTARDIGRADA,,,,APOCHELA,,,,,,,,,,,,,,,"Schuster, Nelson, Grigarick & Christenberry, 1980"
634,ANIMALIA,,TARDIGRADA,,,EUTARDIGRADA,,,,PARACHELA,,,,,,,,,,,,,,,"Schuster, Nelson, Grigarick & Christenberry, 1980"
137922,ANIMALIA,,TARDIGRADA,,,EUTARDIGRADA,,,,PARACHELA,,,EOHYPSIBIOIDEA,,,,,,,,,,,,
137923,ANIMALIA,,TARDIGRADA,,,EUTARDIGRADA,,,,PARACHELA,,,HYPSIBIOIDEA,,,,,,,,,,,,
137924,ANIMALIA,,TARDIGRADA,,,EUTARDIGRADA,,,,PARACHELA,,,ISOHYPSIBIOIDEA,,,,,,,,,,,,
137925,ANIMALIA,,TARDIGRADA,,,EUTARDIGRADA,,,,PARACHELA,,,MACROBIOTOIDEA,,,,,,,,,,,,
142613,ANIMALIA,,TARDIGRADA,,,EUTARDIGRADA,,,,PARACHELA,,,MACROBIOTOIDEA,MACROBIOTIDAE,,,,,,,,,,,"Thulin, 1928"
142614,ANIMALIA,,TARDIGRADA,,,EUTARDIGRADA,,,,PARACHELA,,,MACROBIOTOIDEA,MURRAYIDAE,,,,,,,,,,,"Guidetti, Gandolfi, Rossi & Bertolani, 2005"
142630,ANIMALIA,,TARDIGRADA,,,EUTARDIGRADA,,,,PARACHELA,,,MACROBIOTOIDEA,MURRAYIDAE,,,,DACTYLOBIOTUS,,,,,,,"Schuster, R. O., Nelson D.R., Grigarick A.A., Christenberry D., 1980."
142646,ANIMALIA,,TARDIGRADA,,,EUTARDIGRADA,,,,PARACHELA,,,MACROBIOTOIDEA,MURRAYIDAE,,,,MURRAYON,,,,,,,"Bertolani & Pilato, 1988"
142848,ANIMALIA,,TARDIGRADA,,,EUTARDIGRADA,,,,PARACHELA,,,MACROBIOTOIDEA,MURRAYIDAE,,,,MURRAYON,,,DIANEAE,,,,"(Kristensen, 1982)"
142849,ANIMALIA,,TARDIGRADA,,,EUTARDIGRADA,,,,PARACHELA,,,MACROBIOTOIDEA,MURRAYIDAE,,,,MURRAYON,,,HASTATUS,,,,"(Murray, 1907)"
142850,ANIMALIA,,TARDIGRADA,,,EUTARDIGRADA,,,,PARACHELA,,,MACROBIOTOIDEA,MURRAYIDAE,,,,MURRAYON,,,HIBERNICUS,,,,"(Murray, 1911)"
142851,ANIMALIA,,TARDIGRADA,,,EUTARDIGRADA,,,,PARACHELA,,,MACROBIOTOIDEA,MURRAYIDAE,,,,MURRAYON,,,PULLARI,,,,"(Murray, 1907)"
142743,ANIMALIA,,TARDIGRADA,,,EUTARDIGRADA,,,,PARACHELA,,,MACROBIOTOIDEA,MURRAYIDAE,,,,DACTYLOBIOTUS,,,OCTAVI,,,,"Guidetti, Altiero & Hansen, 2006"
142845,ANIMALIA,,TARDIGRADA,,,EUTARDIGRADA,,,,PARACHELA,,,MACROBIOTOIDEA,MURRAYIDAE,,,,DACTYLOBIOTUS,,,AMBIGUUS,,,,"(Murray, 1907)"
142846,ANIMALIA,,TARDIGRADA,,,EUTARDIGRADA,,,,PARACHELA,,,MACROBIOTOIDEA,MURRAYIDAE,,,,DACTYLOBIOTUS,,,AMPULLACEUS,,,,"(Thulin, 1911)"
142847,ANIMALIA,,TARDIGRADA,,,EUTARDIGRADA,,,,PARACHELA,,,MACROBIOTOIDEA,MURRAYIDAE,,,,DACTYLOBIOTUS,,,DISPAR,,,,"(Murray, 1907)"
142855,ANIMALIA,,TARDIGRADA,,,EUTARDIGRADA,,,,PARACHELA,,,MACROBIOTOIDEA,MURRAYIDAE,,,,DACTYLOBIOTUS,,,MACRONYX,,,,"(Dujardin, 1851)"
142622,ANIMALIA,,TARDIGRADA,,,EUTARDIGRADA,,,,PARACHELA,,,MACROBIOTOIDEA,MACROBIOTIDAE,,,,ADORYBIOTUS,,,,,,,"Maucci & Ramazzotti, 1981"
142640,ANIMALIA,,TARDIGRADA,,,EUTARDIGRADA,,,,PARACHELA,,,MACROBIOTOIDEA,MACROBIOTIDAE,,,,MACROBIOTUS,,,,,,,"C.A.S. Schultze, 1834"
142644,ANIMALIA,,TARDIGRADA,,,EUTARDIGRADA,,,,PARACHELA,,,MACROBIOTOIDEA,MACROBIOTIDAE,,,,MINIBIOTUS,,,,,,,"Schuster, R. O., Nelson D.R., Grigarick A.A., Christenberry D., 1980."
142647,ANIMALIA,,TARDIGRADA,,,EUTARDIGRADA,,,,PARACHELA,,,MACROBIOTOIDEA,MACROBIOTIDAE,,,,PARAMACROBIOTUS,,,,,,,"Guidetti, Schill, Bertolani, Dandekar & Wolf, 2009"
142653,ANIMALIA,,TARDIGRADA,,,EUTARDIGRADA,,,,PARACHELA,,,MACROBIOTOIDEA,MACROBIOTIDAE,,,,RICHTERSIUS,,,,,,,"Pilato & Binda, 1989"
142654,ANIMALIA,,TARDIGRADA,,,EUTARDIGRADA,,,,PARACHELA,,,MACROBIOTOIDEA,MACROBIOTIDAE,,,,TENUIBIOTUS,,,,,,,"Pilato & Lisi, 2011"
142854,ANIMALIA,,TARDIGRADA,,,EUTARDIGRADA,,,,PARACHELA,,,MACROBIOTOIDEA,MACROBIOTIDAE,,,,TENUIBIOTUS,,,WILLARDI,,,,"(Pilato, 1977)"
142868,ANIMALIA,,TARDIGRADA,,,EUTARDIGRADA,,,,PARACHELA,,,MACROBIOTOIDEA,MACROBIOTIDAE,,,,TENUIBIOTUS,,,VORONKOVI,,,,"(Tumanov, 2007)"
142844,ANIMALIA,,TARDIGRADA,,,EUTARDIGRADA,,,,PARACHELA,,,MACROBIOTOIDEA,MACROBIOTIDAE,,,,RICHTERSIUS,,,CORONIFER,,,,"(Richters, 1903)"
142842,ANIMALIA,,TARDIGRADA,,,EUTARDIGRADA,,,,PARACHELA,,,MACROBIOTOIDEA,MACROBIOTIDAE,,,,PARAMACROBIOTUS,,,AREOLATUS,,,,"(Murray, 1907)"
142843,ANIMALIA,,TARDIGRADA,,,EUTARDIGRADA,,,,PARACHELA,,,MACROBIOTOIDEA,MACROBIOTIDAE,,,,PARAMACROBIOTUS,,,RICHTERSI,,,,"(Murray, 1911)"
142716,ANIMALIA,,TARDIGRADA,,,EUTARDIGRADA,,,,PARACHELA,,,MACROBIOTOIDEA,MACROBIOTIDAE,,,,MINIBIOTUS,,,HARRYLEWISI,,,,"Meyer & Hinton, 2009"
142841,ANIMALIA,,TARDIGRADA,,,EUTARDIGRADA,,,,PARACHELA,,,MACROBIOTOIDEA,MACROBIOTIDAE,,,,MINIBIOTUS,,,INTERMEDIUS,,,,"(Plate, 1888)"
142867,ANIMALIA,,TARDIGRADA,,,EUTARDIGRADA,,,,PARACHELA,,,MACROBIOTOIDEA,MACROBIOTIDAE,,,,MINIBIOTUS,,,CRASSIDENS,,,,"(Murray, 1907)"
142660,ANIMALIA,,TARDIGRADA,,,EUTARDIGRADA,,,,PARACHELA,,,MACROBIOTOIDEA,MACROBIOTIDAE,,,,MACROBIOTUS,,,AMBIGUUS,,,,"Murray, 1907"
142661,ANIMALIA,,TARDIGRADA,,,EUTARDIGRADA,,,,PARACHELA,,,MACROBIOTOIDEA,MACROBIOTIDAE,,,,MACROBIOTUS,,,AMPULLACEUS,,,,"Thulin, 1911"
142665,ANIMALIA,,TARDIGRADA,,,EUTARDIGRADA,,,,PARACHELA,,,MACROBIOTOIDEA,MACROBIOTIDAE,,,,MACROBIOTUS,,,ANNULATUS,,,,"Murray, 1905"
142667,ANIMALIA,,TARDIGRADA,,,EUTARDIGRADA,,,,PARACHELA,,,MACROBIOTOIDEA,MACROBIOTIDAE,,,,MACROBIOTUS,,,ANTARCTICUS,,,,"Richters, 1904"
142668,ANIMALIA,,TARDIGRADA,,,EUTARDIGRADA,,,,PARACHELA,,,MACROBIOTOIDEA,MACROBIOTIDAE,,,,MACROBIOTUS,,,ARCTICUS,,,,"Murray, 1907"
142672,ANIMALIA,,TARDIGRADA,,,EUTARDIGRADA,,,,PARACHELA,,,MACROBIOTOIDEA,MACROBIOTIDAE,,,,MACROBIOTUS,,,ARIEKAMMENSIS,,,,"Weglarska, 1965"
142674,ANIMALIA,,TARDIGRADA,,,EUTARDIGRADA,,,,PARACHELA,,,MACROBIOTOIDEA,MACROBIOTIDAE,,,,MACROBIOTUS,,,ASPERUS,,,,"Murray, 1906"
142676,ANIMALIA,,TARDIGRADA,,,EUTARDIGRADA,,,,PARACHELA,,,MACROBIOTOIDEA,MACROBIOTIDAE,,,,MACROBIOTUS,,,AUGUSTI,,,,"Murray, 1907"
142688,ANIMALIA,,TARDIGRADA,,,EUTARDIGRADA,,,,PARACHELA,,,MACROBIOTOIDEA,MACROBIOTIDAE,,,,MACROBIOTUS,,,CONVERGENS,,,,"Urbanowicz, 1925"
142690,ANIMALIA,,TARDIGRADA,,,EUTARDIGRADA,,,,PARACHELA,,,MACROBIOTOIDEA,MACROBIOTIDAE,,,,MACROBIOTUS,,,CORONIFER,,,,"Richters, 1903"
142693,ANIMALIA,,TARDIGRADA,,,EUTARDIGRADA,,,,PARACHELA,,,MACROBIOTOIDEA,MACROBIOTIDAE,,,,MACROBIOTUS,,,CRASSIDENS,,,,"Murray, J., 1907. Some South African Tardigrada. J. R. Micr. Soc. London, 5: 515 - 524"
142694,ANIMALIA,,TARDIGRADA,,,EUTARDIGRADA,,,,PARACHELA,,,MACROBIOTOIDEA,MACROBIOTIDAE,,,,MACROBIOTUS,,,CRENULATUS,,,,"Richters, 1904"
142697,ANIMALIA,,TARDIGRADA,,,EUTARDIGRADA,,,,PARACHELA,,,MACROBIOTOIDEA,MACROBIOTIDAE,,,,MACROBIOTUS,,,DIANEAE,,,,"Kristensen, 1982"
142698,ANIMALIA,,TARDIGRADA,,,EUTARDIGRADA,,,,PARACHELA,,,MACROBIOTOIDEA,MACROBIOTIDAE,,,,MACROBIOTUS,,,DISPAR,,,,"Murray, 1907"
142699,ANIMALIA,,TARDIGRADA,,,EUTARDIGRADA,,,,PARACHELA,,,MACROBIOTOIDEA,MACROBIOTIDAE,,,,MACROBIOTUS,,,DUJARDIN,,,,"Doyère, 1840"
142701,ANIMALIA,,TARDIGRADA,,,EUTARDIGRADA,,,,PARACHELA,,,MACROBIOTOIDEA,MACROBIOTIDAE,,,,MACROBIOTUS,,,ECHINOGENITUS,,,,"Richters, 1903"
142709,ANIMALIA,,TARDIGRADA,,,EUTARDIGRADA,,,,PARACHELA,,,MACROBIOTOIDEA,MACROBIOTIDAE,,,,MACROBIOTUS,,,GRANDIS,,,,"Richters, 1911"
142711,ANIMALIA,,TARDIGRADA,,,EUTARDIGRADA,,,,PARACHELA,,,MACROBIOTOIDEA,MACROBIOTIDAE,,,,MACROBIOTUS,,,GRANULATUS,,,,"Richters, 1903"
142715,ANIMALIA,,TARDIGRADA,,,EUTARDIGRADA,,,,PARACHELA,,,MACROBIOTOIDEA,MACROBIOTIDAE,,,,MACROBIOTUS,,,HARMSWORTHI,,,,"Murray, 1907"
142717,ANIMALIA,,TARDIGRADA,,,EUTARDIGRADA,,,,PARACHELA,,,MACROBIOTOIDEA,MACROBIOTIDAE,,,,MACROBIOTUS,,,HASTATUS,,,,"Murray, 1907"
142718,ANIMALIA,,TARDIGRADA,,,EUTARDIGRADA,,,,PARACHELA,,,MACROBIOTOIDEA,MACROBIOTIDAE,,,,MACROBIOTUS,,,HIBERNICUS,,,,"Murray, 1911"
142719,ANIMALIA,,TARDIGRADA,,,EUTARDIGRADA,,,,PARACHELA,,,MACROBIOTOIDEA,MACROBIOTIDAE,,,,MACROBIOTUS,,,HIBISCUS,,,,"de Barros, 1942"
142721,ANIMALIA,,TARDIGRADA,,,EUTARDIGRADA,,,,PARACHELA,,,MACROBIOTOIDEA,MACROBIOTIDAE,,,,MACROBIOTUS,,,HUFELANDI,,,,"C.A.S. Schultze, 1834"
142723,ANIMALIA,,TARDIGRADA,,,EUTARDIGRADA,,,,PARACHELA,,,MACROBIOTOIDEA,MACROBIOTIDAE,,,,MACROBIOTUS,,,INTERMEDIUS,,,,"Plate, 1888"
142725,ANIMALIA,,TARDIGRADA,,,EUTARDIGRADA,,,,PARACHELA,,,MACROBIOTOIDEA,MACROBIOTIDAE,,,,MACROBIOTUS,,,ISLANDICUS,,,,"'Richters, 1904"
142728,ANIMALIA,,TARDIGRADA,,,EUTARDIGRADA,,,,PARACHELA,,,MACROBIOTOIDEA,MACROBIOTIDAE,,,,MACROBIOTUS,,,MACROCALIX,,,,"Bertolani & Rebecchi, 1993"
142730,ANIMALIA,,TARDIGRADA,,,EUTARDIGRADA,,,,PARACHELA,,,MACROBIOTOIDEA,MACROBIOTIDAE,,,,MACROBIOTUS,,,MACRONYX,,,,"Dujardin, 1851"
142736,ANIMALIA,,TARDIGRADA,,,EUTARDIGRADA,,,,PARACHELA,,,MACROBIOTOIDEA,MACROBIOTIDAE,,,,MACROBIOTUS,,,MONTANUS,,,,"Murray, 1910"
142739,ANIMALIA,,TARDIGRADA,,,EUTARDIGRADA,,,,PARACHELA,,,MACROBIOTOIDEA,MACROBIOTIDAE,,,,MACROBIOTUS,,,NORVEGICUS,,,,"Mihelcic, 1971/1972"
142741,ANIMALIA,,TARDIGRADA,,,EUTARDIGRADA,,,,PARACHELA,,,MACROBIOTOIDEA,MACROBIOTIDAE,,,,MACROBIOTUS,,,OBERHAEUSER,,,,"Doyère, 1840"
142742,ANIMALIA,,TARDIGRADA,,,EUTARDIGRADA,,,,PARACHELA,,,MACROBIOTOIDEA,MACROBIOTIDAE,,,,MACROBIOTUS,,,OCCIDENTALIS,,,,"Murray, 1910"
142747,ANIMALIA,,TARDIGRADA,,,EUTARDIGRADA,,,,PARACHELA,,,MACROBIOTOIDEA,MACROBIOTIDAE,,,,MACROBIOTUS,,,ORCADENSIS,,,,"Murray, 1907"
142749,ANIMALIA,,TARDIGRADA,,,EUTARDIGRADA,,,,PARACHELA,,,MACROBIOTOIDEA,MACROBIOTIDAE,,,,MACROBIOTUS,,,ORNATUS,,,,"Richters, 1900"
142753,ANIMALIA,,TARDIGRADA,,,EUTARDIGRADA,,,,PARACHELA,,,MACROBIOTOIDEA,MACROBIOTIDAE,,,,MACROBIOTUS,,,PAPILLIFER,,,,"Murray, 1905"
142756,ANIMALIA,,TARDIGRADA,,,EUTARDIGRADA,,,,PARACHELA,,,MACROBIOTOIDEA,MACROBIOTIDAE,,,,MACROBIOTUS,,,PERSIMILIS,,,,"Binda & Pilato, 1972"
142764,ANIMALIA,,TARDIGRADA,,,EUTARDIGRADA,,,,PARACHELA,,,MACROBIOTOIDEA,MACROBIOTIDAE,,,,MACROBIOTUS,,,PULLARI,,,,"Murray, 1907"
142769,ANIMALIA,,TARDIGRADA,,,EUTARDIGRADA,,,,PARACHELA,,,MACROBIOTOIDEA,MACROBIOTIDAE,,,,MACROBIOTUS,,,RICHTERSI,,,,"Murray, 1911"
142773,ANIMALIA,,TARDIGRADA,,,EUTARDIGRADA,,,,PARACHELA,,,MACROBIOTOIDEA,MACROBIOTIDAE,,,,MACROBIOTUS,,,SATTLERI,,,,"Richters, 1902"
142776,ANIMALIA,,TARDIGRADA,,,EUTARDIGRADA,,,,PARACHELA,,,MACROBIOTOIDEA,MACROBIOTIDAE,,,,MACROBIOTUS,,,SCHAUDINNI,,,,"Richters, 1909"
142783,ANIMALIA,,TARDIGRADA,,,EUTARDIGRADA,,,,PARACHELA,,,MACROBIOTOIDEA,MACROBIOTIDAE,,,,MACROBIOTUS,,,SPECTABILIS,,,,"Thulin, 1928"
142791,ANIMALIA,,TARDIGRADA,,,EUTARDIGRADA,,,,PARACHELA,,,MACROBIOTOIDEA,MACROBIOTIDAE,,,,MACROBIOTUS,,,STENOSTOMUS,,,,"Richters, 1908"
142799,ANIMALIA,,TARDIGRADA,,,EUTARDIGRADA,,,,PARACHELA,,,MACROBIOTOIDEA,MACROBIOTIDAE,,,,MACROBIOTUS,,,TUBERCULATUS,,,,"Plate, 1888"
142803,ANIMALIA,,TARDIGRADA,,,EUTARDIGRADA,,,,PARACHELA,,,MACROBIOTOIDEA,MACROBIOTIDAE,,,,MACROBIOTUS,,,VORONKOVI,,,,"Tumanov, 2007"
142807,ANIMALIA,,TARDIGRADA,,,EUTARDIGRADA,,,,PARACHELA,,,MACROBIOTOIDEA,MACROBIOTIDAE,,,,MACROBIOTUS,,,WILLARDI,,,,"Pilato, 1977"
142809,ANIMALIA,,TARDIGRADA,,,EUTARDIGRADA,,,,PARACHELA,,,MACROBIOTOIDEA,MACROBIOTIDAE,,,,MACROBIOTUS,,,ZETLANDICUS,,,,"Murray, 1907"
142881,ANIMALIA,,TARDIGRADA,,,EUTARDIGRADA,,,,PARACHELA,,,MACROBIOTOIDEA,MACROBIOTIDAE,,,,MACROBIOTUS,,,OCCIDENTALIS,OCCIDENTALIS,,,"Murray, 1910"
142878,ANIMALIA,,TARDIGRADA,,,EUTARDIGRADA,,,,PARACHELA,,,MACROBIOTOIDEA,MACROBIOTIDAE,,,,MACROBIOTUS,,,ISLANDICUS,ISLANDICUS,,,"Richters, 1904"
142877,ANIMALIA,,TARDIGRADA,,,EUTARDIGRADA,,,,PARACHELA,,,MACROBIOTOIDEA,MACROBIOTIDAE,,,,MACROBIOTUS,,,HUFELANDI,HUFELANDI,,,"C.A.S. Schultze, 1834"
142876,ANIMALIA,,TARDIGRADA,,,EUTARDIGRADA,,,,PARACHELA,,,MACROBIOTOIDEA,MACROBIOTIDAE,,,,MACROBIOTUS,,,HARMSWORTHI,HARMSWORTHI,,,"Murray, 1907"
142880,ANIMALIA,,TARDIGRADA,,,EUTARDIGRADA,,,,PARACHELA,,,MACROBIOTOIDEA,MACROBIOTIDAE,,,,MACROBIOTUS,,,HARMSWORTHI,OBSCURUS,,,"Dastych, 1985"
142886,ANIMALIA,,TARDIGRADA,,,EUTARDIGRADA,,,,PARACHELA,,,MACROBIOTOIDEA,MACROBIOTIDAE,,,,MACROBIOTUS,,,ECHINOGENITUS,AREOLATUS,,,"Murray, 1907"
142887,ANIMALIA,,TARDIGRADA,,,EUTARDIGRADA,,,,PARACHELA,,,MACROBIOTOIDEA,MACROBIOTIDAE,,,,MACROBIOTUS,,,ECHINOGENITUS,,AREOLATUS,,"Murray, 1907"
142888,ANIMALIA,,TARDIGRADA,,,EUTARDIGRADA,,,,PARACHELA,,,MACROBIOTOIDEA,MACROBIOTIDAE,,,,MACROBIOTUS,,,ECHINOGENITUS,,,AREOLATUS,"Murray, 1907"
